graph,rulebook,s,t,frontier,exact_median,seed_median,speedup,exact_spread,seed_spread,exact_expansions,seed_expansions
grid_k16_N4,flat4,0,255,3333,22.567026101,23.379937448,0.9652303882844845,0.45761742099999836,0.30653519000000173,111029,111025
grid_k30_N3,flat3,0,870,379,25.511660605,27.58203472,0.924937585786637,1.506326872999999,4.396464565000002,254206,254203
layer_L20W6_N3,flat3,120,121,2121,14.801940386,15.221581321,0.9724311866060161,0.12617849999999997,0.36526147100000017,64529,64526
grid_k20_N4,flat4,0,380,437,16.934823429,17.851669013,0.948640903921514,1.1135055909999991,3.5766295140000004,132316,132312
grid_k25_N3,flat3,24,600,1672,15.672972103,16.541926151,0.9474695969460927,1.7125950690000007,1.257661990999999,168613,168610
grid_k14_N4,flat4,13,182,2639,6.064949499,5.949089965,1.0194751692580934,0.28324068099999966,0.08264663699999986,56284,56280
grid_k25_N3,flat3,0,600,250,6.748000083,6.944278401,0.9717352463905055,0.4326067149999995,0.6909963320000001,137324,137321
grid_k20_N3,flat3,19,380,958,3.654679974,3.627374564,1.007527595928745,0.16824442599999978,0.06967398800000035,68833,68830
layer_L14W6_N3,flat3,84,85,1322,3.115112467,3.109951672,1.0016594454011825,0.15351189899999973,0.06582237599999985,25660,25657
grid_k14_N4,flat4,0,195,1205,2.860328183,2.911462796,0.982436796695375,0.07246662499999967,0.22296922299999977,42139,42135
grid_k20_N3,flat3,0,399,674,2.099941715,2.146479162,0.9783191713090574,0.1175936150000001,0.12728127899999997,66361,66357
grid_k12_N4,flat4,0,143,1395,1.443941344,1.448276246,0.997006854174421,0.030290897999999844,0.030445631999999945,24211,24207
grid_k16_N3,flat3,0,255,628,1.070932043,1.05058596,1.0193664143389085,0.026042362999999957,0.03539856100000005,34253,34250
grid_k12_N4,flat4,11,132,1129,0.981018523,0.969413072,1.0119716262707874,0.01992437300000005,0.015855127999999996,20036,20032
grid_k20_N3,flat3,0,380,156,0.743252776,0.749758742,0.9913225873397018,0.00752531600000006,0.006944206000000008,39565,39562
grid_k16_N3,flat3,0,240,98,0.29324331,0.292119518,1.003847028119497,0.00948882299999998,0.007127166000000018,19309,19306
grid_k16_N4,flat4,0,240,62,0.278079776,0.279892407,0.9935238293191712,0.000958948000000015,0.0006411419999999834,17168,17164
layer_L10W6_N3,flat3,60,61,516,0.259273566,0.260739528,0.9943776764066246,0.005811396000000024,0.0020781750000000154,7032,7029
grid_k14_N4,flat4,0,182,98,0.24429197,0.250891634,0.973695161154716,0.0028995430000000044,0.04844266999999999,14583,14579
grid_k16_N3,flat3,15,240,355,0.224263898,0.22692258,0.9882837485806832,0.0032530369999999864,0.0021825060000000007,15920,15917
layer_L34W6_N4,diamond4,204,205,148,0.190597197,0.194365653,0.9806115126729721,0.004941335999999991,0.009284903000000011,12997,12995
grid_k30_N4,diamond4,29,870,100,0.210099596,0.219309957,0.9580029966446074,0.005486774999999999,0.003935313999999995,36253,36251
grid_k30_N4,diamond4,0,899,95,0.207581183,0.204023204,1.0174390899184191,0.022745535999999983,0.004284081999999995,32817,32815
grid_k10_N4,flat4,0,99,507,0.149223285,0.14937695,0.9989712937638638,0.0032425829999999933,0.011012113000000018,7534,7529
grid_k10_N4,flat4,9,90,431,0.11838176,0.12052261,0.9822369429271404,0.002662347999999995,0.005117589000000006,6352,6348
grid_k14_N3,flat3,0,195,232,0.096796891,0.123509793,0.7837183485523289,0.005394942999999999,0.025610843000000008,10226,10223
grid_k25_N4,diamond4,24,600,101,0.107662592,0.111107456,0.9689952040662331,0.001917436999999994,0.0018893889999999913,20997,20995
rand_n3200_N4,flat4,1994,2389,21,0.083478801,0.095058444,0.8781839622790375,0.001541424999999999,0.0021813970000000016,26954,26950
grid_k12_N4,flat4,0,132,71,0.076960261,0.079291921,0.9705939776638782,0.0010503929999999967,0.0013226949999999987,7867,7863
grid_k25_N4,diamond4,0,624,82,0.072377923,0.077644691,0.9321683436154057,0.0012938649999999913,0.0020740090000000017,17432,17430
